time,id,site,x,y,territory,EX,auc_diff,class2_auc_diff,Abibal,Acespi,Aranud,Betpap,Corcan,Drycar,Linbor,Maican,Oxamon,Poptre,Prupen,Rubida,Sorame,Clibor,Epiang,Fraame,Lysbor,Ortsec,Osmcla,Picea,Ribgla,Sampub,Sympun,Betall,Coptri,Rubpub,Thuocc,Mitnud,Grass,Amecan,Carex,Lacbie,Lycopod,Gymdis,Acerub,Rumaca,Pilcae,Taroff,Polyvir,Pteaqu,Epigla,Solmac,Gauhis,Anamar,Geumac,Nabtri,Salix,Riblac,Solcan,Vibedu,Galtri,Athfil,Ciralp,Corsto,Corcor,Monuni,Strlan,Phecon,Loncan,Alnrug,Equarv,Impcap
T2,CA1001_EX,CA1001,332458.5303,5365787.26,Casault,EX,0,Exclosure,0.119722222,0.399444444,0.066111111,0.110277778,0.831944444,0.093888889,0.009444444,0.001944444,0.071666667,0.129722222,0.012222222,0.454722222,0.0175,0,0,0,0,0,0,0,0,0,0,0,0,0,0,0,0,0,0,0,0,0,0,0,0,0,0,0,0,0,0,0,0,0,0,0,0,0,0,0,0,0,0,0,0,0,0,0,0,0
T3,CA1001_EX,CA1001,332458.5303,5365787.26,Casault,EX,0,Exclosure,0.115238095,0.165238095,0.076904762,0.134761905,0.506666667,0.075,0.011904762,0.029761905,0.044285714,0.034761905,0.002142857,0.367380952,0.016428571,0.000952381,0.005,0.022142857,0.005476191,0.002380952,0.003095238,0.002380952,0.024761905,0.002619048,0.003095238,0,0,0,0,0,0,0,0,0,0,0,0,0,0,0,0,0,0,0,0,0,0,0,0,0,0,0,0,0,0,0,0,0,0,0,0,0,0,0
T4,CA1001_EX,CA1001,332458.5303,5365787.26,Casault,EX,0,Exclosure,0.186904762,0.307380952,0.101428571,0,0.658571429,0.097380952,0.013333333,0.022619048,0.069761905,0.025238095,0,0.486428571,0.008095238,0.006190476,0.007619048,0.022380952,0.017857143,0,0,0,0.015238095,0.002619048,0,0.201190476,0.001666667,0.021190476,0.001666667,0,0,0,0,0,0,0,0,0,0,0,0,0,0,0,0,0,0,0,0,0,0,0,0,0,0,0,0,0,0,0,0,0,0,0
T5,CA1001_EX,CA1001,332458.5303,5365787.26,Casault,EX,0,Exclosure,0.171621429,0.165147619,0.051795238,0.039185714,0.610016667,0.084130952,0.003226191,0.012847619,0.01665,0.006009524,2.85714E-05,0.327064286,0.000954762,0.001158095,0.006028571,0.006869048,0.007164286,0,0,0,0.010880952,0.000521429,0,0.062938095,0.000218214,0.004961905,0.002708466,0.00013869,0,0,0,0,0,0,0,0,0,0,0,0,0,0,0,0,0,0,0,0,0,0,0,0,0,0,0,0,0,0,0,0,0,0
T6,CA1001_EX,CA1001,332458.5303,5365787.26,Casault,EX,0,Exclosure,0.211666667,0.09,0.04952381,0.060476191,0.555476191,0.09,0.000476191,0.02,0.005952381,0.003571429,0.000238095,0.252619048,0,0,0.009761905,0.006666667,0.006428571,0,0,0,0.018571429,0,0,0,0,0.000238095,0.005476191,0.000714286,0,0,0,0,0,0,0,0,0,0,0,0,0,0,0,0,0,0,0,0,0,0,0,0,0,0,0,0,0,0,0,0,0,0
T2,CA1001_TE,CA1001,332459.1032,5365826.443,Casault,TE,24890,Higher,0.008611111,0.407777778,0.013888889,0,0.281944444,0.121111111,0,0.095,0.046388889,0.125277778,0.073333333,0.660277778,0,0,0.021111111,0,0.005277778,0,0,0,0,0.055555556,0,0,0,0,0.004444444,0,0.018888889,0,0,0,0,0,0,0,0,0,0,0,0,0,0,0,0,0,0,0,0,0,0,0,0,0,0,0,0,0,0,0,0,0
T3,CA1001_TE,CA1001,332459.1032,5365826.443,Casault,TE,24890,Higher,0.005238095,0.32047619,0.019285714,0.008809524,0.208095238,0.082380952,0,0.035714286,0.021666667,0.031190476,0.03952381,0.873095238,0.001428571,0,0.007619048,0,0.001428571,0,0,0,0,0.039761905,0,0,0,0,0.005714286,0,0.000238095,0,0,0,0,0,0,0,0,0,0,0,0,0,0,0,0,0,0,0,0,0,0,0,0,0,0,0,0,0,0,0,0,0
T4,CA1001_TE,CA1001,332459.1032,5365826.443,Casault,TE,24890,Higher,0.012142857,0,0.032142857,0.008095238,0.385,0.169285714,0,0.026666667,0.017619048,0.089285714,0.082857143,0.820476191,0.001904762,0.001190476,0.02452381,0,0,0,0,0,0.036666667,0.037857143,0,0.002142857,0,0,0,0,0,0,0,0,0,0,0,0,0,0,0,0,0,0,0,0,0,0,0,0,0,0,0,0,0,0,0,0,0,0,0,0,0,0
T5,CA1001_TE,CA1001,332459.1032,5365826.443,Casault,TE,24890,Higher,0.01110873,0.231438095,0.011457143,0.00967619,0.21545,0.115569048,0,0.008252381,0.002842857,0.014559524,0.027133333,0.792659524,0.009446429,0.0002125,0.012821429,0,0.003677513,0,0,0,0.008078572,0.011371429,0,0.000503135,0,0,0,0,0,0,0,0,0,0,0,0,0,0,0,0,0,0,0,0,0,0,0,0,0,0,0,0,0,0,0,0,0,0,0,0,0,0
T6,CA1001_TE,CA1001,332459.1032,5365826.443,Casault,TE,24890,Higher,0.018333333,0.463809524,0.009761905,0.020476191,0.186666667,0.10952381,0,0.007142857,0.002857143,0.002619048,0.026666667,0.801190476,0.024761905,0,0.018333333,0,0.007380952,0,0,0,0,0.013095238,0,0,0,0,0,0,0,0,0,0,0,0,0,0,0,0,0,0,0,0,0,0,0,0,0,0,0,0,0,0,0,0,0,0,0,0,0,0,0,0
T2,CA1002_EX,CA1002,336489.7491,5364785.896,Casault,EX,0,Exclosure,0.084166667,0,0,0.011388889,0.636944444,0.012222222,0.002777778,0,0.025277778,0,0.276111111,0.366666667,0.029166667,0.01,0.004444444,0,0,0,0,0.002222222,0.0175,0,0,0,0,0,0.0025,0,0,0.0275,0.002777778,0.001111111,0,0,0,0,0,0,0,0,0,0,0,0,0,0,0,0,0,0,0,0,0,0,0,0,0,0,0,0,0,0
T3,CA1002_EX,CA1002,336489.7491,5364785.896,Casault,EX,0,Exclosure,0.127619048,0,0,0.026904762,0.235952381,0.01,0.005714286,0.018571429,0.015238095,0,0.416666667,0.344285714,0.067380952,0.001904762,0.003095238,0,0,0,0,0,0.03452381,0,0,0,0,0,0.010476191,0,0,0.027380952,0.001190476,0,0.001190476,0,0,0,0,0,0,0,0,0,0,0,0,0,0,0,0,0,0,0,0,0,0,0,0,0,0,0,0,0
T4,CA1002_EX,CA1002,336489.7491,5364785.896,Casault,EX,0,Exclosure,0.278809524,0,0,0.044285714,0.673571429,0.011904762,0.007857143,0.029047619,0.067619048,0,0.387619048,0.429047619,0.086904762,0.003809524,0.011904762,0,0,0,0.000714286,0,0.025714286,0.003809524,0,0,0,0,0.007857143,0,0,0.031666667,0,0,0,0,0,0,0,0,0,0,0,0,0,0,0,0,0,0,0,0,0,0,0,0,0,0,0,0,0,0,0,0
T5,CA1002_EX,CA1002,336489.7491,5364785.896,Casault,EX,0,Exclosure,0.325566667,0.0010889,0,0.036957143,0.608961905,0.010076191,0.016021429,0.020319048,0.011802381,0,0.1702,0.243161905,0.033873809,0.000492857,0.005188095,0,0,0,3.21375E-16,7.61905E-05,0.031652381,0.001056122,0,0,0,0,0.008597619,0,0,0.01152619,0,0,0,0,0,0,0,0,0,0,0,0,0,0,0,0,0,0,0,0,0,0,0,0,0,0,0,0,0,0,0,0
T6,CA1002_EX,CA1002,336489.7491,5364785.896,Casault,EX,0,Exclosure,0.456190476,0.002857143,0,0.051666667,0.662380952,0.016904762,0.036904762,0.029285714,0.002857143,0,0.081904762,0.177380952,0.028809524,0,0.005,0,0,0,0,0.000476191,0.051904762,0.001428571,0,0,0,0,0.016904762,0,0,0.011904762,0,0,0,0,0,0,0,0,0,0,0,0,0,0,0,0,0,0,0,0,0,0,0,0,0,0,0,0,0,0,0,0
T2,CA1002_TE,CA1002,336486.2031,5364749.184,Casault,TE,5916.793667,Moderate,0.124444444,0.016666667,0,0.073888889,0.815,0.027777778,0.011388889,0,0.037777778,0,0.138888889,0.338055556,0.051666667,0,0,0,0,0,0,0,0.0025,0,0,0.027222222,0,0,0,0,0,0,0,0.005,0,0,0,0,0,0,0,0,0,0,0,0,0,0,0,0,0,0,0,0,0,0,0,0,0,0,0,0,0,0
T3,CA1002_TE,CA1002,336486.2031,5364749.184,Casault,TE,5916.793667,Moderate,0.102380952,0.006190476,0,0.033571429,0.316904762,0,0.029285714,0.00952381,0.010476191,0,0.142142857,0.426428571,0.046428571,0,0.000714286,0,0,0,0,0,0.002619048,0.002142857,0,0.004285714,0,0,0.001904762,0,0,0.001666667,0,0,0,0.001190476,0,0,0,0,0,0,0,0,0,0,0,0,0,0,0,0,0,0,0,0,0,0,0,0,0,0,0,0
T4,CA1002_TE,CA1002,336486.2031,5364749.184,Casault,TE,5916.793667,Moderate,0.246666667,0.027142857,0,0.074047619,0.661190476,0.03047619,0.060714286,0.006666667,0.045952381,0,0.129761905,0.609761905,0.07452381,0,0,0,0,0,0,0,0.004047619,0,0,0.010714286,0,0,0,0,0,0.001666667,0,0,0,0,0,0,0,0,0,0,0,0,0,0,0,0,0,0,0,0,0,0,0,0,0,0,0,0,0,0,0,0
T5,CA1002_TE,CA1002,336486.2031,5364749.184,Casault,TE,5916.793667,Moderate,0.261954762,0.005911905,0,0.024940476,0.618069048,0.018747619,0.051321429,0.004511905,0.008340476,0,0.03322381,0.427592857,0.061873809,0,0.001300992,0,0,0,0,0,0.003491799,0,0,0.003513492,0,0,0,0,0,0.001633135,0,0,0,0,0.001278543,0,0,0,0,0,0,0,0,0,0,0,0,0,0,0,0,0,0,0,0,0,0,0,0,0,0,0
T6,CA1002_TE,CA1002,336486.2031,5364749.184,Casault,TE,5916.793667,Moderate,0.318333333,0.003571429,0,0.021666667,0.610952381,0.025,0.057380952,0.006190476,0.002857143,0,0.030476191,0.357619048,0.06547619,0,0.003571429,0,0,0,0,0,0.005714286,0,0,0.003571429,0,0,0,0,0,0.003809524,0,0,0,0,0.003571429,0,0,0,0,0,0,0,0,0,0,0,0,0,0,0,0,0,0,0,0,0,0,0,0,0,0,0
T2,CA1003_EX,CA1003,352525.7536,5371542.396,Casault,EX,0,Exclosure,0.179444444,0,0,0.01,0.026388889,0.003888889,0,0.066111111,0.038611111,0,0,0.048055556,0,0.058333333,0,0,0,0,0,0.052222222,0.163611111,0,0,0,0,0,0,0,0,0,0.028611111,0.008333333,0,0,0,0,0,0,0,0,0,0,0,0,0,0,0,0,0,0,0,0,0,0,0,0,0,0,0,0,0,0
T3,CA1003_EX,CA1003,352525.7536,5371542.396,Casault,EX,0,Exclosure,0.171666667,0,0,0.005714286,0.011666667,0.002619048,0,0.050476191,0.034285714,0,0,0.049285714,0,0.033333333,0.001428571,0,0.000476191,0,0,0.045952381,0.161428571,0.001904762,0,0,0,0,0,0,0,0,0.055952381,0,0,0,0,0.000476191,0,0,0,0,0,0,0,0,0,0,0,0,0,0,0,0,0,0,0,0,0,0,0,0,0,0
T4,CA1003_EX,CA1003,352525.7536,5371542.396,Casault,EX,0,Exclosure,0.239047619,0,0,0.011904762,0.047142857,0.002857143,0,0.019761905,0.053333333,0,0,0.402142857,0,0.103333333,0.010952381,0,0,0,0,0.048809524,0.286666667,0.025952381,0,0,0,0,0,0,0,0,0.012619048,0.005952381,0,0,0,0,0.003095238,0.002619048,0,0,0,0,0,0,0,0,0,0,0,0,0,0,0,0,0,0,0,0,0,0,0,0
T5,CA1003_EX,CA1003,352525.7536,5371542.396,Casault,EX,0,Exclosure,0.267697619,0,0,0.006435714,0.048471428,0.003192989,0,0.002607143,0.008207143,0,0,0.270492857,0,0.019361905,0.003992857,0,0,0,0,0.050054762,0.256109524,0.005469048,0,0,0,0,0,0,0,0.008520238,0.002138095,0.001028571,0,0,0,0,0.000687064,0.000632302,0,0,0,0,0,0,0,0,0,0,0,0,0,0,0,0,0,0,0,0,0,0,0,0
T6,CA1003_EX,CA1003,352525.7536,5371542.396,Casault,EX,0,Exclosure,0.325952381,0,0,0.007142857,0.067142857,0.005714286,0,0.002380952,0.004285714,0,0,0.269285714,0,0.011666667,0.002142857,0,0,0,0,0.068095238,0.272380952,0,0,0,0,0,0,0,0,0.021666667,0.000476191,0,0,0,0,0,0,0,0,0,0,0,0,0,0,0,0,0,0,0,0,0,0,0,0,0,0,0,0,0,0,0
T2,CA1003_TE,CA1003,352562.7057,5371585.183,Casault,TE,-2150.079365,Lower,0.221666667,0,0,0,0.318888889,0.066388889,0,0.000833333,0.015,0,0,0.185,0.004444444,0.0025,0,0,0,0,0,0.0925,0.084722222,0,0,0,0,0,0.011388889,0,0,0,0.005555556,0.000555556,0,0,0,0,0,0.002222222,0,0,0,0,0,0,0,0,0,0,0,0,0,0,0,0,0,0,0,0,0,0,0,0
T3,CA1003_TE,CA1003,352562.7057,5371585.183,Casault,TE,-2150.079365,Lower,0.156904762,0,0,0,0.108333333,0.017380952,0,0.007857143,0.021904762,0,0,0.209285714,0,0.004761905,0.001666667,0,0,0,0,0.07452381,0.061190476,0.002380952,0,0,0,0,0.002857143,0.014047619,0,0,0.012380952,0,0,0,0,0,0,0,0,0,0,0,0,0,0,0,0,0,0,0,0,0,0,0,0,0,0,0,0,0,0,0
T4,CA1003_TE,CA1003,352562.7057,5371585.183,Casault,TE,-2150.079365,Lower,0.256666667,0,0,0,0.585714286,0.029285714,0,0.012142857,0.067857143,0,0,0.435714286,0,0.020714286,0.002380952,0,0,0,0,0.055952381,0.076904762,0,0,0,0,0,0,0,0,0,0,0,0,0,0,0,0,0,0.007142857,0,0,0,0,0,0,0,0,0,0,0,0,0,0,0,0,0,0,0,0,0,0,0
T5,CA1003_TE,CA1003,352562.7057,5371585.183,Casault,TE,-2150.079365,Lower,0.236869048,0,0,0,0.430969048,0.015095238,0,0.008715873,0.016597619,0,0,0.299076191,0.000559524,0.008457143,0.000542857,0,0,0,0,0.040578571,0.018740476,0,0,0,0,0,0,0,0,0,0,0,0,0,0,0,0,0,0.001670238,0,0,0,0,0,0,0,0,0,0,0,0,0,0,0,0,0,0,0,0,0,0,0
T6,CA1003_TE,CA1003,352562.7057,5371585.183,Casault,TE,-2150.079365,Lower,0.252380952,0,0,0,0.430714286,0.01952381,0,0.012619048,0.009761905,0,0,0.259047619,0.001666667,0.008571429,0,0,0,0,0,0.047380952,0.006666667,0,0,0,0,0,0,0,0,0,0,0,0,0,0,0,0,0,0,0,0,0,0,0,0,0,0,0,0,0,0,0,0,0,0,0,0,0,0,0,0,0
T2,CA1104_EX,CA1104,329961.0692,5371495.676,Casault,EX,0,Exclosure,0.172857143,0.032857143,0.007857143,0.007142857,0.074047619,0,0.017380952,0.111190476,0.026666667,0,0.028571429,0.185,0.025952381,0.184761905,0.013571429,0,0,0,0,0,0,0,0,0,0.008333333,0,0.013095238,0,0,0.040238095,0,0,0,0,0,0,0,0,0,0.14690476,0,0,0,0,0,0,0,0,0,0,0,0,0,0,0,0,0,0,0,0,0,0
T3,CA1104_EX,CA1104,329961.0692,5371495.676,Casault,EX,0,Exclosure,0.251904762,0,0.047857143,0.034047619,0.308095238,0,0.06,0.126428571,0.128333333,0,0.117857143,0.395714286,0.031190476,0.327619048,0.027857143,0,0.001190476,0,0,0,0,0,0,0,0.035714286,0,0.014047619,0,0,0.042380952,0,0.005238095,0,0,0.02952381,0,0,0,0,0.31738095,0,0,0,0,0,0,0,0,0,0,0,0,0,0,0,0,0,0,0,0,0,0
T4,CA1104_EX,CA1104,329961.0692,5371495.676,Casault,EX,0,Exclosure,0.397702381,0,0.039040476,0.031588095,0.194702381,0,0.167814286,0.05682619,0.044261905,0,0.077942857,0.311590476,0.057852381,0.239714286,0.032190476,0,2.97619E-06,0,0,0.001794325,0,0,0,0,0.028288095,0,0.01765,0,0,0.050252381,0,0.000814286,0,0,0.028192857,0,0,0,0,0.204114286,0,0,0,0,0,0,0,0,0,0,0,0,0,0,0,0,0,0,0,0,0,0
T5,CA1104_EX,CA1104,329961.0692,5371495.676,Casault,EX,0,Exclosure,0.379285714,0,0.021904762,0.020714286,0.160238095,0,0.160238095,0.045714286,0.008095238,0,0.051190476,0.175,0.022142857,0.161666667,0.02952381,0,0,0,0,0.002380952,0,0,0,0,0.01452381,0,0.01,0,0,0.043571429,0,0,0,0,0.015,0,0,0,0,0.19,0,0,0,0,0,0,0,0,0,0,0,0,0,0,0,0,0,0,0,0,0,0
T6,CA1104_EX,CA1104,329961.0692,5371495.676,Casault,EX,0,Exclosure,0.390869048,-2.11671E-16,0.02942381,0.028688095,0.154107143,0,0.18915,0.057888095,0.024109524,0,0.060295238,0.151959524,0.023619048,0.14615,0.036583333,0,3.3352E-06,0,0,0.004602738,0,0,0,0,0.022183333,0,0.015314286,0,0,0.059469048,0,0.000254762,0,0,0.020483333,0,0,0,0,0.197378572,0,0,0,0,0,0,0,0,0,0,0,0,0,0,0,0,0,0,0,0,0,0
T2,CA1104_TE,CA1104,329956.4437,5371546.237,Casault,TE,6703.881626,Moderate,0.066666667,0,0.035238095,0.010476191,0.053809524,0,0,0.222142857,0.050238095,0,0.158809524,0.211666667,0.02047619,0.039285714,0.013095238,0,0.031666667,0,0,0,0.005952381,0.010952381,0,0,0.024285714,0,0.007380952,0,0,0.022142857,0,0,0,0,0,0.001904762,0,0,0,0,0,0,0,0,0,0,0,0,0,0,0,0,0,0,0,0,0,0,0,0,0,0
T3,CA1104_TE,CA1104,329956.4437,5371546.237,Casault,TE,6703.881626,Moderate,0.080238095,0,0.070952381,0.010714286,0.206904762,0,0,0.141666667,0.13,0,0.463333333,0.633571429,0.058809524,0.057619048,0.016190476,0,0.005,0,0,0,0.014047619,0.041666667,0,0.001190476,0.032380952,0,0,0,0,0.004285714,0,0,0,0,0,0,0.003333333,0.000476191,0,0,0,0,0,0,0,0,0,0,0,0,0,0,0,0,0,0,0,0,0,0,0,0
T4,CA1104_TE,CA1104,329956.4437,5371546.237,Casault,TE,6703.881626,Moderate,0.093540476,0,0.086783333,0.035909524,0.219757143,0.00197623,0.003038095,0.150771429,0.064278571,0,0.254373809,0.635333333,0.061738095,0.058192857,0.06842619,0,0.009638095,0,0,0,0.022271428,0.033454762,0,0.003430159,0.044819048,0,0.019141667,0,0,0.01952619,0,0,0,0,0,0,8.59788E-06,1.43996E-06,0,0,0,0,0,0,0,0,0,0,0,0,0,0,0,0,0,0,0,0,0,0,0,0
T5,CA1104_TE,CA1104,329956.4437,5371546.237,Casault,TE,6703.881626,Moderate,0.086666667,0,0.084285714,0.033809524,0.163809524,0.002142857,0.003571429,0.056904762,0.016428571,0,0.199047619,0.695714286,0.032857143,0.039285714,0.059285714,0,0.002380952,0,0,0,0.020714286,0.01452381,0,0.001904762,0.035476191,0,0.013809524,0,0,0.007619048,0,0,0,0,0,0,0,0,0,0,0,0,0,0,0,0,0,0,0,0,0,0,0,0,0,0,0,0,0,0,0,0
T6,CA1104_TE,CA1104,329956.4437,5371546.237,Casault,TE,6703.881626,Moderate,0.095247619,0,0.091595238,0.043411905,0.146669048,0.002999256,0.005240079,0.0759,0.023947619,0,0.225354762,0.618064286,0.033647619,0.053016667,0.064288095,0,0.002804762,0,0,0,0.031707143,0.017133333,0,0.002806349,0.052276191,0,0.024487302,0,0,0.006276191,0,0,0,0,0,1.61905E-05,2.38282E-06,2.80971E-05,0,0,0,0,0,0,0,0,0,0,0,0,0,0,0,0,0,0,0,0,0,0,0,0
T2,CA1105_EX,CA1105,331761.0672,5370778.247,Casault,EX,0,Exclosure,0.017857143,0.036190476,0.054285714,0,0.051428571,0.010714286,0.036666667,0.062619048,0.001666667,0,0.250714286,0.730238095,0.032142857,0.031190476,0.054761905,0,0.009761905,0,0,0,0.036190476,0,0,0,0.059761905,0,0,0,0,0,0.001904762,0,0,0.004047619,0,0,0,0.001190476,0,0,0,0,0,0,0,0,0,0,0,0,0,0,0,0,0,0,0,0,0,0,0,0
T3,CA1105_EX,CA1105,331761.0672,5370778.247,Casault,EX,0,Exclosure,0.049761905,0.039285714,0.167380952,0,0.092380952,0.024047619,0.062619048,0.021428571,0.001190476,0,0.47,0.970238095,0.04452381,0.056428571,0.066428571,0,0.013095238,0,0,0,0,0,0,0,0.037857143,0,0.000952381,0,0,0.022142857,0,0,0,0,0,0,0,0.001190476,0,0,0,0,0,0,0,0,0,0,0,0,0,0,0,0,0,0,0,0,0,0,0,0
T4,CA1105_EX,CA1105,331761.0672,5370778.247,Casault,EX,0,Exclosure,0.062535714,0.074114286,0.117466667,0.005533611,0.066138095,0.024669048,0.029128571,0.037730952,5.47619E-05,0,0.168119048,0.795592857,0.05057619,0.019383333,0.065954762,0,0.000702381,0,0,0,0,0,0,0,0.016088095,0,0.015804762,0,0,0.00101619,0,0,0,0,0,0,0,0.00028631,0,0,0,0,0,0,0,0,0,0,0,0,0,0,0,0,0,0,0,0,0,0,0,0
T5,CA1105_EX,CA1105,331761.0672,5370778.247,Casault,EX,0,Exclosure,0.05952381,0.067380952,0.058571429,0.004761905,0.04452381,0.013809524,0,0.00952381,0,0,0.030714286,0.85452381,0.015714286,0.004047619,0.041904762,0,0,0,0,0,0,0,0,0,0.000952381,0,0.012380952,0,0,0,0,0,0,0,0,0,0,0,0,0,0,0,0,0,0,0,0,0,0,0,0,0,0,0,0,0,0,0,0,0,0,0
T6,CA1105_EX,CA1105,331761.0672,5370778.247,Casault,EX,0,Exclosure,0.065557143,0.080311905,0.060640476,0.007065238,0.053433333,0.020702381,0.008607143,0.009438095,5.71429E-05,0,0.06055,0.719190476,0.017685714,0.005940476,0.050230952,0,0.000230952,0,0,0,-2.11671E-16,0,0,0,0.002992857,0,0.023099702,0,0,0.000404762,1.61905E-05,0,0,8.33333E-05,0,0,0,0.000157143,0,0,0,0,0,0,0,0,0,0,0,0,0,0,0,0,0,0,0,0,0,0,0,0
T2,CA1105_TE,CA1105,331786.8092,5370740.92,Casault,TE,5755.893905,Moderate,0.065952381,0.065,0.208095238,0.01,0.118809524,0.024047619,0.06952381,0.187857143,0.008809524,0,0.039285714,0.553571429,0.027619048,0.070238095,0.007142857,0,0.016190476,0,0,0,0,0.005714286,0,0,0.037857143,0,0.005714286,0,0.001666667,0,0.004761905,0,0,0.001666667,0,0.002857143,0,0,0,0,0.002857143,0,0,0,0,0,0,0,0,0,0,0,0,0,0,0,0,0,0,0,0,0
T3,CA1105_TE,CA1105,331786.8092,5370740.92,Casault,TE,5755.893905,Moderate,0.130714286,0.149285714,0.411428571,0.037142857,0.272142857,0.085714286,0.156428571,0.063095238,0.010238095,0,0.075714286,0.779761905,0.052619048,0.096428571,0.011904762,0,0.002857143,0,0,0,0.016190476,0.015,0,0.040238095,0.021190476,0,0.008571429,0,0,0,0,0,0,0,0,0,0,0.000714286,0,0,0,0.014285714,0,0,0,0,0,0,0,0,0,0,0,0,0,0,0,0,0,0,0,0
T4,CA1105_TE,CA1105,331786.8092,5370740.92,Casault,TE,5755.893905,Moderate,0.202980952,0.172792857,0.31127381,0.031907143,0.219085714,0.065285714,0.104790476,0.105952381,0.001040476,0,0.078480952,0.761259524,0.06142619,0.038945238,0.010347619,0,0.000892857,0,0,0,0.00112381,0.021380952,0,0.029571429,0.064021429,0,0.005078571,0,0.001614101,0,0,0,0,0,0,0,0,0.000190947,0,0,0,0.011092857,0,0,0,0,0,0,0,0,0,0,0,0,0,0,0,0,0,0,0,0
T5,CA1105_TE,CA1105,331786.8092,5370740.92,Casault,TE,5755.893905,Moderate,0.170952381,0.126904762,0.304047619,0.015952381,0.176666667,0.023809524,0.019285714,0.01952381,0,0,0.026428571,0.750476191,0.053571429,0.004285714,0.009761905,0,0,0,0,0,0,0.014285714,0,0.018095238,0.053095238,0,0.000714286,0,0.000476191,0,0,0,0,0,0,0,0,0,0,0,0,0.01,0,0,0,0,0,0,0,0,0,0,0,0,0,0,0,0,0,0,0,0
T6,CA1105_TE,CA1105,331786.8092,5370740.92,Casault,TE,5755.893905,Moderate,0.188476191,0.12797381,0.365071429,0.019795238,0.178269048,0.030495238,0.023454762,0.013428571,0.000319048,0,0.028819048,0.695038095,0.06075,0.01412381,0.017766667,0,0.000116667,0,0,0,0.00037619,0.022207143,0,0.028671429,0.0598,0,0.000764286,0,0.000665417,0,1.66667E-05,0,0,1.61905E-05,0,4.7619E-06,0,0.000155714,0,0,4.7619E-06,0.01897381,0,0,0,0,0,0,0,0,0,0,0,0,0,0,0,0,0,0,0,0
T2,CH1002_EX,CH1002,430448.895,5414787.572,Chic-Chocs,EX,0,Exclosure,0.428333333,0,0,0.036388889,0.203888889,0,0.019444444,0,0.004166667,0,0,0.0525,0,0,0,0,0,0,0,0.035555556,0,0,0,0,0,0,0.002777778,0,0,0,0,0,0,0,0,0,0,0,0,0,0,0,0,0,0,0,0,0,0,0,0,0,0,0,0,0,0,0,0,0,0,0
T3,CH1002_EX,CH1002,430448.895,5414787.572,Chic-Chocs,EX,0,Exclosure,0.516666667,0,0,0.018809524,0.140952381,0,0.000476191,0,0.008571429,0,0,0.163333333,0,0,0,0,0,0,0,0.034047619,0.006666667,0,0,0,0,0,0.007142857,0,0,0,0,0,0,0,0,0,0,0,0,0,0,0,0,0,0,0,0,0,0,0,0,0,0,0,0,0,0,0,0,0,0,0
T4,CH1002_EX,CH1002,430448.895,5414787.572,Chic-Chocs,EX,0,Exclosure,0.608095238,0,0,0.040238095,0.257619048,0,0.012380952,0,0.013095238,0,0,0.251428571,0,0,0,0,0,0,0,0.049285714,0,0,0,0,0,0,0.002380952,0,0,0,0,0,0,0,0,0,0,0,0,0,0,0,0,0,0,0,0,0,0,0,0,0,0,0,0,0,0,0,0,0,0,0
T5,CH1002_EX,CH1002,430448.895,5414787.572,Chic-Chocs,EX,0,Exclosure,0.59387381,0,0,0.008509524,0.17967381,0,0.004287302,0,0.004009524,0,0,0.138511905,0,0,0.003958466,0,0,0,0,0.02027619,0.004331085,0,0,0,0,0,0.004726323,0,0,0,0,0,0,0,0,0,0,0,0,0,0,0,0,0,0,0,0,0,0,0,0,0,0,0,0,0,0,0,0,0,0,0
T6,CH1002_EX,CH1002,430448.895,5414787.572,Chic-Chocs,EX,0,Exclosure,0.723333333,0,0,0.005,0.156666667,0,0.003809524,0,0.003333333,0,0,0.096428571,0,0,0.008571429,0,0,0,0,0.025952381,0.00952381,0,0,0,0,0,0.010238095,0,0,0,0,0,0,0,0,0,0,0,0,0,0,0,0,0,0,0,0,0,0,0,0,0,0,0,0,0,0,0,0,0,0,0
T2,CH1002_TE,CH1002,430465.7714,5414815.509,Chic-Chocs,TE,35997.07144,Higher,0.111666667,0,0,0,0,0,0,0,0,0,0,0.023888889,0,0,0,0,0,0,0,0.013333333,0,0,0,0,0,0,0.009722222,0,0,0,0.008333333,0,0,0,0,0,0,0,0,0,0,0,0,0,0,0,0,0,0,0,0,0,0,0,0,0,0,0,0,0,0,0
T3,CH1002_TE,CH1002,430465.7714,5414815.509,Chic-Chocs,TE,35997.07144,Higher,0.097857143,0,0,0,0.003571429,0,0,0,0,0,0,0.237857143,0,0,0,0,0,0,0,0.007380952,0.004761905,0,0,0,0,0,0.000952381,0,0,0,0.035,0,0,0,0,0,0,0,0,0,0,0,0,0,0,0,0,0,0,0,0,0,0,0,0,0,0,0,0,0,0,0
T4,CH1002_TE,CH1002,430465.7714,5414815.509,Chic-Chocs,TE,35997.07144,Higher,0.159047619,0,0,0.002857143,0.025,0,0,0,0,0,0,0.660476191,0,0,0.003571429,0,0,0,0,0.023333333,0.004047619,0.007142857,0,0,0,0.005714286,0.004047619,0,0,0,0.022142857,0,0,0,0,0,0.001666667,0,0,0,0,0,0,0,0,0,0,0,0,0,0,0,0,0,0,0,0,0,0,0,0,0
T5,CH1002_TE,CH1002,430465.7714,5414815.509,Chic-Chocs,TE,35997.07144,Higher,0.161042857,0,0,0.003162632,0.014889286,0,0,0,0,0,0,0.536719048,0,0,0.001772293,0,0.00013869,0.00013869,0,0.023190476,0.000590476,0.005,0,0,0,0.000980714,0.000616667,0,0,0,0.014380952,0,0,0,0,0.012196429,0.000218214,0,0,0,0,0,0,0,0,0,0,0,0,0,0,0,0,0,0,0,0,0,0,0,0,0
T6,CH1002_TE,CH1002,430465.7714,5414815.509,Chic-Chocs,TE,35997.07144,Higher,0.223333333,0,0,0.005238095,0.023095238,0,0,0,0,0,0,0.645238095,0,0,0.002857143,0,0.000714286,0.000714286,0,0.039285714,0,0.007142857,0,0,0,0,0,0,0,0,0.023571429,0,0,0,0,0.031904762,0,0,0,0,0,0,0,0,0,0,0,0,0,0,0,0,0,0,0,0,0,0,0,0,0,0
T2,CH1003_EX,CH1003,425225.2375,5409905.462,Chic-Chocs,EX,0,Exclosure,0.013888889,0,0,0,0,0,0,0,0,0,0,0.010277778,0,0,0,0,0,0,0,0,0.005555556,0,0,0,0,0,0,0,0,0,0,0,0,0,0,0,0,0,0,0,0,0,0,0,0,0,0,0,0,0,0,0,0,0,0,0,0,0,0,0,0,0
T3,CH1003_EX,CH1003,425225.2375,5409905.462,Chic-Chocs,EX,0,Exclosure,0.031428571,0,0,0,0,0,0,0,0,0,0,0.011190476,0,0,0.009761905,0,0,0,0,0.002857143,0.017619048,0.001190476,0,0,0,0,0.003571429,0,0,0,0,0.004761905,0,0,0,0,0,0,0,0,0,0,0,0,0,0,0,0,0,0,0,0,0,0,0,0,0,0,0,0,0,0
T4,CH1003_EX,CH1003,425225.2375,5409905.462,Chic-Chocs,EX,0,Exclosure,0.003333333,0,0,0,0,0,0,0,0,0,0,0.032380952,0,0,0.015952381,0,0,0,0,0,0.008333333,0,0,0,0,0,0,0,0,0,0,0,0,0,0,0,0,0,0,0,0,0,0.001190476,0,0,0,0,0,0,0,0,0,0,0,0,0,0,0,0,0,0,0
T5,CH1003_EX,CH1003,425225.2375,5409905.462,Chic-Chocs,EX,0,Exclosure,0.003141799,0,0,0,0,0,0,0,0,0,0,0.087461905,0,0,0.020107143,0,0,0,0,0.01025,0.009657143,0,0,0,0,0,4.52381E-05,0,0,0,0.000360289,0,0,0,0,0,0,0,0,0,0,0,0.002787037,0,0,0,0,0,0,0,0,0,0,0,0,0,0,0,0,0,0,0
T6,CH1003_EX,CH1003,425225.2375,5409905.462,Chic-Chocs,EX,0,Exclosure,0.005714286,0,0,0,0,0,0,0,0,0,0,0.2,0,0,0.036428571,0,0,0,0,0.026428571,0.019047619,0,0,0,0,0,0.000476191,0,0,0,0.001190476,0,0,0,0,0,0,0,0,0,0,0,0.005238095,0,0,0,0,0,0,0,0,0,0,0,0,0,0,0,0,0,0,0
T2,CH1003_TE,CH1003,425210.9359,5409930.215,Chic-Chocs,TE,-4378.372554,Lower,0.284444444,0,0,0.013611111,0.021111111,0,0,0.013888889,0.005,0,0,0.026666667,0,0,0,0,0.000277778,0,0,0.012777778,0,0,0,0,0,0,0.003055556,0,0,0,0,0,0,0,0,0,0,0,0,0,0,0,0.020833333,0.000833333,0,0,0,0,0,0,0,0,0,0,0,0,0,0,0,0,0,0
T3,CH1003_TE,CH1003,425210.9359,5409930.215,Chic-Chocs,TE,-4378.372554,Lower,0.318333333,0,0,0.017380952,0.023095238,0,0,0.003809524,0.010476191,0,0,0.192380952,0,0,0.027619048,0,0,0,0,0.020714286,0.011428571,0.001904762,0,0,0,0,0.000714286,0,0,0,0,0,0,0,0,0,0,0,0,0,0,0,0.034761905,0,0,0,0,0,0,0,0,0,0,0,0,0,0,0,0,0,0,0
T4,CH1003_TE,CH1003,425210.9359,5409930.215,Chic-Chocs,TE,-4378.372554,Lower,0.115952381,0,0,0.010952381,0.131190476,0,0.045,0.04952381,0.035476191,0,0,0.312380952,0,0,0.026190476,0,0.000952381,0,0,0.146666667,0.00952381,0,0,0,0,0.00952381,0.018809524,0,0,0,0,0,0,0,0,0,0,0,0,0,0,0,0.239047619,0,0,0.015238095,0.003571429,0,0,0,0,0,0,0,0,0,0,0,0,0,0,0
T5,CH1003_TE,CH1003,425210.9359,5409930.215,Chic-Chocs,TE,-4378.372554,Lower,0.122090476,0,0,0.006661905,0.086740476,0,0.018958333,0.013221429,0.012259524,0,0,0.238564286,0,0,0.023278571,0,0.00032381,0,0,0.138216667,0.002755357,0.00691918,0,0,0,0.002155952,0.005418254,0,0,0,0,0,0,0,0,0,0,0,0,0,0,0,0.161788095,0,0,0.003786905,0.000797381,0,0,0,0,0,0,0,0,0,0,0,0,0,0,0
T6,CH1003_TE,CH1003,425210.9359,5409930.215,Chic-Chocs,TE,-4378.372554,Lower,0.177142857,0,0,0.008571429,0.088809524,0,0.021904762,0.010476191,0.00952381,0,0,0.235,0,0,0.035952381,0,0.000476191,0,0,0.208571429,0.003095238,0.014761905,0,0,0,0,0.003333333,0,0,0,0,0,0,0,0,0,0,0,0,0,0,0,0.186190476,0,0,0,0,0,0,0,0,0,0,0,0,0,0,0,0,0,0,0
T2,CH1104_EX,CH1104,424231.737,5408886.451,Chic-Chocs,EX,0,Exclosure,0.356190476,0,0.020714286,0,0.097619048,0,0.192380952,0.034047619,0.000714286,0,0,0.186666667,0.000952381,0,0.04,0,0.016666667,0,0,0.012619048,0.051428571,0.002857143,0,0,0.001190476,0.057142857,0.024047619,0,0,0.00452381,0,0,0,0,0,0,0.001904762,0,0,0,0,0,0.08,0,0,0,0,0.001666667,0,0,0,0,0,0,0,0,0,0,0,0,0,0
T3,CH1104_EX,CH1104,424231.737,5408886.451,Chic-Chocs,EX,0,Exclosure,0.507142857,0,0.026190476,0,0.229761905,0,0.288095238,0.2,0.006428571,0,0,0.347142857,0,0.001190476,0.059285714,0,0.010238095,0,0,0.006190476,0.073809524,0,0,0,0.003809524,0.06,0.012142857,0,0,0.014285714,0,0.002857143,0,0,0,0,0.004285714,0,0,0,0,0,0.212142857,0,0,0,0,0.01452381,0,0,0,0,0,0,0,0,0,0,0,0,0,0
T4,CH1104_EX,CH1104,424231.737,5408886.451,Chic-Chocs,EX,0,Exclosure,0.625342857,0,0.028671429,0,0.167511905,0,0.204078571,0.101695238,0.004692857,0,0,0.334764286,0,2.97619E-06,0.060716667,0,0.007385714,0,0,0.024130952,0.079685714,0.000887426,0,0,0.000566667,0.066669048,0.003585714,0,0,0.000242857,0,3.47884E-05,0,0,0,0,0.004617857,0,0,0,0,0,0.199104762,0,0,0,0,0.0072,0,0,0,0,0,0,0,0,0,0,0,0,0,0
T5,CH1104_EX,CH1104,424231.737,5408886.451,Chic-Chocs,EX,0,Exclosure,0.56,0,0.009047619,0,0.125952381,0,0.14452381,0.046666667,0.003571429,0,0,0.252857143,0,0,0.037857143,0,0.001190476,0,0,0.013095238,0.053809524,0.000238095,0,0,0,0.015476191,0,0,0,0,0,0,0,0,0,0,0.001190476,0,0,0,0,0,0.142142857,0,0,0,0,0.001428571,0,0,0,0,0,0,0,0,0,0,0,0,0,0
T6,CH1104_EX,CH1104,424231.737,5408886.451,Chic-Chocs,EX,0,Exclosure,0.552959524,0,0.012509524,0,0.128207143,0,0.1244,0.053290476,0.006080952,0,0,0.255466667,1.85867E-09,3.3352E-06,0.051838095,0,0.001319048,0,0,0.022309524,0.051980952,0.000280646,0,0,0.000202381,0.011864286,0.00047381,0,0,0.000180952,0,0.000266669,0,0,0,0,0.001440476,0,0,0,0,0,0.108552381,0,0,0,0,0.002161905,0,0,0,0,0,0,0,0,0,0,0,0,0,0
T2,CH1104_TE,CH1104,424212.721,5408919.971,Chic-Chocs,TE,20348.28214,Higher,0.196666667,0,0,0,0.075476191,0,0.09,0.018571429,0.036666667,0,0,0.070714286,0,0.000714286,0.001666667,0,0,0,0,0.006428571,0.032619048,0.001428571,0,0,0,0,0.001904762,0,0,0,0,0,0,0,0,0,0,0,0,0,0,0,0.070238095,0,0,0,0,0,0,0,0,0,0,0,0,0,0,0,0,0,0,0
T3,CH1104_TE,CH1104,424212.721,5408919.971,Chic-Chocs,TE,20348.28214,Higher,0.224285714,0,0,0,0.156904762,0,0.08,0.059047619,0.070238095,0,0,0.261904762,0,0,0.002619048,0,0.006428571,0,0,0.001190476,0.075714286,0,0,0,0,0,0.014761905,0,0,0,0,0,0,0,0,0,0,0,0,0,0,0,0.149047619,0,0,0,0,0,0,0,0,0,0,0,0,0,0,0,0,0,0,0
T4,CH1104_TE,CH1104,424212.721,5408919.971,Chic-Chocs,TE,20348.28214,Higher,0.284461905,0,0,0,0.139561905,0,0.096366667,0.046797619,0.049219048,0,0,0.342776191,0,0,0.009226587,0,0.004484127,0,0,0.0084,0.075428571,0,0,0,0,0,0.026597619,0,0.003038095,0.001754853,0,0,0,0,0,0,0,0,0,0,0,0,0.171578571,0,0,0,0,0,0,0,0,0,0,0,0,0,0,0,0,0,0,0
T5,CH1104_TE,CH1104,424212.721,5408919.971,Chic-Chocs,TE,20348.28214,Higher,0.311904762,0,0,0,0.098809524,0,0.075238095,0.039761905,0.008333333,0,0,0.345238095,0,0,0.008333333,0,0.001190476,0,0,0.010952381,0.032857143,0,0,0,0,0,0.028809524,0,0.003571429,0.000476191,0,0,0,0,0,0,0,0,0,0,0,0,0.118571429,0,0,0,0,0,0,0,0,0,0,0,0,0,0,0,0,0,0,0
T6,CH1104_TE,CH1104,424212.721,5408919.971,Chic-Chocs,TE,20348.28214,Higher,0.38445,0,0,0,0.105126191,0,0.081680952,0.052271429,0.009111905,0,0,0.382557144,0,1.85867E-09,0.012885714,0,0.001590476,0,0,0.021138095,0.036630952,4.76376E-06,0,0,0,0,0.038466667,0,0.005240079,0.000462133,0,0,0,0,0,0,0,0,0,0,0,0,0.124333333,0,0,0,0,0,0,0,0,0,0,0,0,0,0,0,0,0,0,0
T2,CH1105_EX,CH1105,429563.7656,5412521.816,Chic-Chocs,EX,0,Exclosure,0.142619048,0,0.036190476,0,0.080714286,0.001904762,0.089047619,0.117142857,0,0,0,0.312142857,0,0,0.036190476,0,0.020238095,0,0,0.030952381,0.004761905,0,0,0,0.031904762,0.201666667,0,0,0.015,0.021666667,0,0,0,0,0,0,0.013333333,0.075476191,0,0,0.026190476,0,0.006190476,0,0,0,0,0.02452381,0.053809524,0.027619048,0,0,0,0,0,0,0,0,0,0,0,0
T3,CH1105_EX,CH1105,429563.7656,5412521.816,Chic-Chocs,EX,0,Exclosure,0.194761905,0,0.062142857,0,0.144285714,0.00452381,0.127380952,0.103571429,0,0,0,0.475476191,0,0.034761905,0.039047619,0,0.015952381,0,0,0.033571429,0.00452381,0,0,0,0.048809524,0.33,0,0.092857143,0.03952381,0.045714286,0,0,0,0.002619048,0,0,0.079047619,0.077857143,0,0,0.04,0,0.004285714,0,0,0,0,0.015714286,0.110238095,0.042619048,0.007142857,0,0,0,0,0,0,0,0,0,0,0
T4,CH1105_EX,CH1105,429563.7656,5412521.816,Chic-Chocs,EX,0,Exclosure,0.313857143,0,0.072195238,0,0.191221429,0.000411905,0.143004762,0.088330952,0,0,0,0.417769048,0,0.006989286,0.072133333,0.002307647,0.01612619,0,0,0.068340476,0.020566667,0.002307647,0,0,0.017985714,0.280216667,0.001157623,0.082930952,0.043692857,0.07607381,0,0.017297619,0,0.002615627,0,0,0.119792857,0.079845238,0,0,0.01427619,0,0.024780952,0,0,0,0,0.014838095,0.071140476,0.045409524,0.018214286,0.001157623,0,0,0,0,0,0,0,0,0,0
T5,CH1105_EX,CH1105,429563.7656,5412521.816,Chic-Chocs,EX,0,Exclosure,0.251666667,0,0.02547619,0,0.145714286,0,0.110238095,0.027619048,0,0,0,0.324761905,0,0.001190476,0.063571429,0.000714286,0.005476191,0,0,0.061428571,0.014047619,0.000714286,0,0,0.003809524,0.172619048,0.000238095,0.064047619,0.025476191,0.065238095,0,0.013333333,0,0.000476191,0,0,0.103571429,0.017619048,0,0,0.002857143,0,0.025,0,0,0,0,0.00452381,0.017857143,0.037619048,0.015476191,0.000238095,0,0,0,0,0,0,0,0,0,0
T6,CH1105_EX,CH1105,429563.7656,5412521.816,Chic-Chocs,EX,0,Exclosure,0.259461905,0,0.024528571,0,0.139028571,0.000297619,0.122207143,0.035109524,0,0,0,0.389790476,0,0.001430952,0.06692619,4.40972E-05,0.005076191,0,0,0.064138095,0.022052381,4.40972E-05,0,0,0.00507381,0.156704762,0.000228769,0.076030952,0.033664286,0.076085714,0,0.023797718,0,9.7619E-05,0,0,0.132864286,0.017666667,0,0,0.003028571,0,0.035373809,0,0,0,0,0.004635714,0.02902381,0.05417381,0.024761905,0.000228769,0,0,0,0,0,0,0,0,0,0
T2,CH1105_TE,CH1105,429582.0715,5412471.573,Chic-Chocs,TE,-3746.946436,Lower,0.191904762,0,0.026190476,0.003571429,0.128571429,0.001904762,0.151904762,0.127619048,0,0,0,0.087857143,0,0,0.002380952,0,0.005238095,0.005,0,0.140238095,0.030714286,0,0,0,0.019047619,0.194761905,0.003095238,0,0.015476191,0.015476191,0,0,0,0,0,0,0.001904762,0.007380952,0,0,0.005,0,0.022142857,0,0,0,0,0.005714286,0,0.037142857,0.002380952,0,0,0,0,0,0,0,0,0,0,0
T3,CH1105_TE,CH1105,429582.0715,5412471.573,Chic-Chocs,TE,-3746.946436,Lower,0.281428571,0,0.029761905,0.027619048,0.258333333,0,0.192619048,0.166904762,0,0,0,0.219047619,0,0,0.005,0,0.000952381,0.001190476,0,0.130714286,0,0,0,0,0.032619048,0.300476191,0.006190476,0.02,0.002857143,0.002380952,0.001666667,0,0.000476191,0,0,0,0.000952381,0.013809524,0,0,0,0,0.03952381,0,0,0,0,0.006904762,0,0.047380952,0,0.011428571,0,0,0,0,0,0,0,0,0,0
T4,CH1105_TE,CH1105,429582.0715,5412471.573,Chic-Chocs,TE,-3746.946436,Lower,0.31427381,0,0.043242857,0.002185714,0.238647619,0,0.202235714,0.129978571,0,0,0,0.212466667,0,0.001157623,0.009435714,0.007782143,0.000298214,0.002850794,0,0.215438095,0,0,0,0,0.040845238,0.256088095,0.010669048,0.018878571,0.00952381,0.0287,0.00592381,0.00197623,1.43996E-06,0.001754853,0,0,0.004630556,0.013654762,0,0,0.001700161,0,0.056290476,0,0,0,0,0.018742857,0,0.039357143,0,0.012318254,0.002307647,0,0,0,0,0,0,0,0,0
T5,CH1105_TE,CH1105,429582.0715,5412471.573,Chic-Chocs,TE,-3746.946436,Lower,0.288809524,0,0.034047619,0,0.231666667,0,0.155952381,0.067142857,0,0,0,0.164047619,0,0.000238095,0.006666667,0.011190476,0,0.001428571,0,0.223809524,0,0,0,0,0.017619048,0.192380952,0.005476191,0.010714286,0.003571429,0.022619048,0.005238095,0.002142857,0,0.000476191,0,0,0.001190476,0.007142857,0,0,0.000476191,0,0.049285714,0,0,0,0,0.012142857,0,0.013809524,0,0.008571429,0.000714286,0,0,0,0,0,0,0,0,0
T6,CH1105_TE,CH1105,429582.0715,5412471.573,Chic-Chocs,TE,-3746.946436,Lower,0.312590477,0,0.044221429,0.001066667,0.279638095,1.61905E-05,0.147907143,0.067566667,0,0,0,0.149657143,0,0.000228769,0.009764286,0.023512004,0.00042381,0.002813492,0,0.265869048,-2.11671E-16,0,0,0,0.023388095,0.217064286,0.007478571,0.01652381,0.003657143,0.031797619,0.007283333,0.002999256,2.80971E-05,0.000462133,0,0,0.001165476,0.007104762,0,0,0.001000179,0,0.060483333,0,0,0,0,0.019038095,0,0.017842857,1.61905E-05,0.014393651,4.40972E-05,0,0,0,0,0,0,0,0,0
T2,MA1001_EX,MA1001,362673.389,5395739.573,Matane,EX,0,Exclosure,0.185555556,0,0.073888889,0.0675,0.721944444,0.281944444,0,0.000833333,0.136111111,0,0,0.099722222,0.141666667,0.167222222,0.005277778,0,0.009444444,0,0,0.046666667,0,0,0,0,0,0,0,0,0,0,0.012222222,0,0,0,0,0,0,0,0.007222222,0,0,0,0,0,0,0,0,0,0,0,0,0,0,0.003611111,0,0,0,0,0,0,0,0
T3,MA1001_EX,MA1001,362673.389,5395739.573,Matane,EX,0,Exclosure,0.463809524,0,0.253809524,0.093333333,1.157619048,0.330952381,0,0.040476191,0.136666667,0,0,0.23,0.255238095,0.359047619,0.005238095,0,0.014761905,0,0,0.041428571,0.004761905,0,0,0,0.004285714,0,0,0,0,0,0.014285714,0,0,0,0,0,0,0,0,0.05,0,0,0,0,0,0,0,0,0,0,0,0,0,0.00952381,0,0,0,0,0,0,0,0
T4,MA1001_EX,MA1001,362673.389,5395739.573,Matane,EX,0,Exclosure,0.233809524,0,0.13952381,0.062142857,0.763333333,0.241428571,0,0.046666667,0.116190476,0,0.002857143,0.13452381,0.172619048,0.201190476,0,0,0,0,0,0.028333333,0,0,0,0,0.001666667,0,0.00452381,0,0,0,0.006428571,0,0,0,0,0,0.001904762,0,0,0.02285714,0,0,0,0,0,0,0,0,0,0,0,0,0,0,0,0,0,0,0,0,0,0
T5,MA1001_EX,MA1001,362673.389,5395739.573,Matane,EX,0,Exclosure,0.304033333,0,0.092166667,0.070821429,0.781214286,0.223402381,0,0.018864286,0.020521429,0,0.000606111,0.063211905,0.120847619,0.135185714,0.002212037,0,0.000166667,0,0,0.027814286,0.001392659,0,0,0,0.000595476,0,0.000797381,0,0,0,0.001452381,0,0,0,0,0,0.000213452,0,0,0.034895238,0,0,0,0,0,0,0,0,0,0,0,0,0,0,0,0,0,0,0,0,0,0
T6,MA1001_EX,MA1001,362673.389,5395739.573,Matane,EX,0,Exclosure,0.397380952,0,0.082857143,0.089761905,0.682380952,0.234761905,0,0.024047619,0.004047619,0,0,0.058571429,0.107619048,0.096428571,0.005,0,0.001190476,0,0,0.040952381,0.003809524,0,0,0,0.001666667,0,0,0,0,0,0.002142857,0,0,0,0,0,0,0,0,0.05619048,0,0,0,0,0,0,0,0,0,0,0,0,0,0,0,0,0,0,0,0,0,0
T2,MA1001_TE,MA1001,362703.4217,5395752.296,Matane,TE,-3116.774512,Lower,0.200555556,0,0.046944444,0.020277778,0.794166667,0.175,0,0.044166667,0.183611111,0,0,0.185277778,0.095555556,0.061111111,0.013888889,0,0.008611111,0,0,0.019722222,0.009444444,0,0,0,0.001666667,0,0.003333333,0,0,0.011666667,0,0,0,0.000833333,0.015833333,0,0,0,0,0.24222222,0,0,0,0,0,0,0,0,0,0,0,0,0,0,0,0,0,0,0,0,0,0
T3,MA1001_TE,MA1001,362703.4217,5395752.296,Matane,TE,-3116.774512,Lower,0.211666667,0.00452381,0.060238095,0.000952381,0.596190476,0.091666667,0,0.05952381,0.073333333,0,0,0.248809524,0.095714286,0.084285714,0.007619048,0,0,0,0,0.011904762,0.000714286,0.019047619,0,0,0.000714286,0,0.003571429,0,0,0,0,0,0,0,0.030952381,0,0,0,0,0.31047619,0,0,0,0,0,0,0,0,0,0,0,0,0,0,0,0,0,0,0,0,0,0
T4,MA1001_TE,MA1001,362703.4217,5395752.296,Matane,TE,-3116.774512,Lower,0.275238095,0,0.068809524,0.038095238,0.665952381,0.128333333,0,0.094761905,0.110476191,0,0,0.3,0.187142857,0.118333333,0.010714286,0,0.001428571,0,0,0.046904762,0,0.010714286,0,0,0.012142857,0.001666667,0.007142857,0,0,0,0,0,0,0.011190476,0.041190476,0,0.000714286,0,0,0.30666667,0,0,0,0,0,0,0,0,0,0.001904762,0,0.039761905,0,0,0,0,0,0,0,0,0,0
T5,MA1001_TE,MA1001,362703.4217,5395752.296,Matane,TE,-3116.774512,Lower,0.312485714,0,0.053902381,0.026566667,0.592678571,0.10867619,0,0.027833333,0.01667381,0,0,0.278490476,0.128697619,0.049485714,0.00395,0,0.00040119,0,0,0.033876191,0,0.00217381,0,0,0.003907143,0.00143271,0.001735714,0,0,0,0,0,0,0.00787381,0.047545238,0,3.21375E-16,0,0,0.327016667,0,0,0,0,0,0,0,0,0,0.000213452,0,0.008311905,0,0,0,0,0,0,0,0,0,0
T6,MA1001_TE,MA1001,362703.4217,5395752.296,Matane,TE,-3116.774512,Lower,0.387380952,0,0.054285714,0.031428571,0.485238095,0.124285714,0,0.020714286,0.002142857,0,0,0.295,0.113095238,0.047380952,0.003571429,0,0.000952381,0,0,0.042857143,0,0,0,0,0.001904762,0.003571429,0.001428571,0,0,0,0,0,0,0.010952381,0.061666667,0,0,0,0,0.41619048,0,0,0,0,0,0,0,0,0,0,0,0,0,0,0,0,0,0,0,0,0,0
T2,MA1002_EX,MA1002,362382.0672,5401243.758,Matane,EX,0,Exclosure,0.114722222,0.04,0.075277778,0.097222222,0.709166667,0.23,0,0.377777778,0.130833333,0,0.084722222,0.452222222,0.040555556,0.085,0.139444444,0,0.015277778,0,0,0.022222222,0,0.011388889,0,0,0.029444444,0,0.011388889,0,0,0.018055556,0.047222222,0.005,0,0,0,0,0,0,0,0,0,0,0,0,0,0,0,0,0,0,0,0,0,0,0,0,0,0,0,0,0,0
T3,MA1002_EX,MA1002,362382.0672,5401243.758,Matane,EX,0,Exclosure,0.129047619,0.051904762,0.047380952,0.116666667,0.618333333,0.138809524,0,0.370238095,0.035,0,0.103333333,0.416666667,0.009761905,0.076666667,0.073571429,0,0.005476191,0,0,0.023333333,0,0.027142857,0,0,0.032857143,0,0.001428571,0,0,0,0.027619048,0,0,0.001190476,0,0,0,0,0,0,0,0,0,0,0,0,0,0,0.003333333,0,0,0,0,0,0,0,0,0,0,0,0,0
T4,MA1002_EX,MA1002,362382.0672,5401243.758,Matane,EX,0,Exclosure,0.182857143,0.065,0.078333333,0.172857143,0.815714286,0.240952381,0,0.547380952,0.044047619,0,0.096666667,0.408571429,0.043809524,0.130238095,0.096904762,0,0,0,0,0.028809524,0,0.015952381,0,0,0.080238095,0,0.008095238,0,0,0.012380952,0.008333333,0,0,0,0,0,0,0,0,0,0,0,0,0,0,0,0,0,0,0,0,0,0,0,0.007380952,0,0,0,0,0,0,0
T5,MA1002_EX,MA1002,362382.0672,5401243.758,Matane,EX,0,Exclosure,0.233788095,0.069271429,0.081933333,0.159476191,0.754247619,0.190647619,0,0.258152381,0.007633333,0,0.049069048,0.314802381,0.037752381,0.066188095,0.092095238,0,0,0,0,0.025214286,0,0.003830952,0,0,0.022983333,0,0.005885714,0,0,0.016705952,0.000707143,0,0,0,0,0,0,0,0,0,0,0,0,0,0,0,0,0,0,0,0,0,0,0,0.001741667,8.98809E-05,0,0,0,0,0,0
T6,MA1002_EX,MA1002,362382.0672,5401243.758,Matane,EX,0,Exclosure,0.294761905,0.08547619,0.094047619,0.221190476,0.671190476,0.209761905,0,0.110476191,0.000952381,0,0.049285714,0.285,0.052619048,0.063571429,0.101904762,0,0,0,0,0.035,0,0.004047619,0,0,0.018095238,0,0.01,0,0,0.032142857,0,0,0,0,0,0,0,0,0,0,0,0,0,0,0,0,0,0,0,0,0,0,0,0,0,0.000476191,0,0,0,0,0,0
T2,MA1002_TE,MA1002,362340.4968,5401277.938,Matane,TE,11329.4918,Moderate,0.038055556,0.006388889,0.006666667,0.129166667,0.804444444,0.021944444,0,0.338055556,0.068333333,0,0.005,0.390833333,0.040555556,0.032222222,0.046111111,0,0.007777778,0,0,0.0025,0,0.0325,0,0,0.046388889,0,0.006944444,0,0.001111111,0,0.016666667,0,0,0,0,0,0,0,0,0,0,0,0,0,0,0,0,0,0,0,0,0,0,0,0,0,0,0,0,0,0,0
T3,MA1002_TE,MA1002,362340.4968,5401277.938,Matane,TE,11329.4918,Moderate,0.063571429,0.00547619,0.016190476,0.081190476,0.647857143,0.012380952,0.002142857,0.161666667,0.019047619,0,0.004285714,0.438095238,0.084285714,0.024047619,0.04952381,0,0,0,0,0.001904762,0,0.055238095,0,0,0.025,0.000476191,0.012142857,0,0.000714286,0,0.024761905,0.000714286,0,0,0,0,0,0.001904762,0,0,0,0,0,0,0,0,0,0,0,0,0,0,0,0,0,0,0,0,0,0,0,0
T4,MA1002_TE,MA1002,362340.4968,5401277.938,Matane,TE,11329.4918,Moderate,0.114761905,0.01547619,0.016428571,0.084047619,0.802380952,0.016190476,0.001904762,0.676904762,0.050714286,0,0.002619048,0.446428571,0.088809524,0.045714286,0.064761905,0,0.000714286,0,0,0.005476191,0,0.019761905,0,0,0.102857143,0,0.00452381,0,0,0,0.006428571,0.001190476,0,0,0,0,0,0,0,0,0,0,0,0,0,0,0,0,0,0,0,0,0,0,0,0,0,0,0,0,0,0
T5,MA1002_TE,MA1002,362340.4968,5401277.938,Matane,TE,11329.4918,Moderate,0.128971429,0.003811905,0.017514286,0.092445238,0.769661905,0.024797619,0.003979894,0.3884,0.008147619,0,0.001880159,0.320092857,0.094347619,0.014685714,0.023980952,0,4.04884E-17,0,0,0.003680952,0,0.014145238,0,0,0.0723,0.000265051,0.004601323,0,0.002322751,0,0.00107619,0.000217262,0,0,0,0,0,0,0,0,0,0,0,0,0,0,0,0,0,0,0,0,0,0,0,0,0,0,0,0,0,0
T6,MA1002_TE,MA1002,362340.4968,5401277.938,Matane,TE,11329.4918,Moderate,0.177142857,0,0.029761905,0.110714286,0.725714286,0.04547619,0.008333333,0.272142857,0.003809524,0,0.003809524,0.251904762,0.106904762,0.017142857,0.025714286,0,0,0,0,0.005476191,0,0.022380952,0,0,0.071190476,0.000952381,0.007857143,0,0.005,0,0.001190476,0,0,0,0,0,0,0,0,0,0,0,0,0,0,0,0,0,0,0,0,0,0,0,0,0,0,0,0,0,0,0
T2,MA1003_EX,MA1003,346568.3726,5410358.35,Matane,EX,0,Exclosure,0.264444444,0,0.512777778,0.001388889,0.838888889,0.038333333,0.025555556,0.218055556,0.035833333,0,0.241666667,0.229166667,0.080555556,0.127777778,0.006666667,0,0.002777778,0,0.030555556,0.0175,0,0,0,0,0.014166667,0,0.002777778,0,0,0.107222222,0,0,0,0,0,0,0,0,0,0,0,0,0,0,0,0,0,0,0,0,0,0,0,0,0,0,0,0,0,0,0,0
T3,MA1003_EX,MA1003,346568.3726,5410358.35,Matane,EX,0,Exclosure,0.215,0.045952381,0.387142857,0.030952381,0.465238095,0.018095238,0.008571429,0.10452381,0.012857143,0,0.194761905,0.166190476,0.070238095,0.078571429,0.003095238,0,0.000952381,0,0.019285714,0.015476191,0,0,0,0,0.010238095,0,0.008333333,0,0,0.101904762,0,0,0,0,0,0,0,0,0,0,0,0.001904762,0,0,0,0,0,0,0,0,0,0,0,0,0,0,0,0,0,0,0,0
T4,MA1003_EX,MA1003,346568.3726,5410358.35,Matane,EX,0,Exclosure,0.249047619,0.031666667,0.53547619,0.015238095,0.814047619,0.024761905,0.013095238,0.356666667,0.007619048,0,0.194047619,0.203095238,0.08047619,0.093333333,0.002380952,0,0.001190476,0,0.030952381,0.01452381,0,0,0,0,0.010714286,0,0.005952381,0,0,0.132619048,0,0,0,0,0,0,0,0,0,0,0,0.003809524,0,0,0,0,0,0,0,0,0,0,0,0,0,0,0,0,0,0,0,0
T5,MA1003_EX,MA1003,346568.3726,5410358.35,Matane,EX,0,Exclosure,0.305654762,0.011333333,0.426809524,0.009630952,0.691997619,0.015316667,0.004997619,0.189552381,0.000621429,0,0.086071429,0.115928571,0.026183333,0.079928571,0.000564286,0,0.000166667,0,0.008,0.012480952,0,0,0,0,0.003004762,0,0.009142857,0,0,0.106335714,0,0,0,0,0,0,0,0,0,0,0,0.003240906,0,0,0,0,0,0,0,0,0,0,0,0,0.000894456,0,0,0,0,0,0,0
T6,MA1003_EX,MA1003,346568.3726,5410358.35,Matane,EX,0,Exclosure,0.467857143,0.011428571,0.406904762,0.014285714,0.711190476,0.024285714,0.005714286,0.136428571,0.000238095,0,0.041666667,0.076190476,0.024285714,0.082857143,0.000238095,0,0,0,0.006190476,0.023571429,0,0,0,0,0.000952381,0,0.020476191,0,0,0.131190476,0,0,0,0,0,0,0,0,0,0,0,0.005,0,0,0,0,0,0,0,0,0,0,0,0,0.002142857,0,0,0,0,0,0,0
T2,MA1003_TE,MA1003,346629.9371,5410370.862,Matane,TE,18993.3142,Higher,0.14,0.015833333,0.320833333,0,0.811388889,0.188888889,0.025555556,0.2475,0.109444444,0,0.059444444,0.397222222,0.058333333,0.126666667,0.003611111,0,0.017777778,0,0,0,0,0,0,0,0.049166667,0,0.015555556,0,0,0,0,0,0,0,0,0,0,0,0,0,0,0,0,0,0,0,0,0,0,0,0,0,0,0,0,0,0,0,0,0,0,0
T3,MA1003_TE,MA1003,346629.9371,5410370.862,Matane,TE,18993.3142,Higher,0.164285714,0.005714286,0.33047619,0,0.474285714,0.093571429,0.002619048,0.066904762,0.020952381,0,0.057142857,0.430238095,0.041666667,0.03,0.027380952,0,0,0,0,0,0,0,0,0,0.020476191,0,0.005238095,0,0.006428571,0,0,0,0,0,0,0,0,0,0,0,0,0,0,0,0,0,0,0,0,0,0,0,0,0,0,0,0,0,0,0,0,0
T4,MA1003_TE,MA1003,346629.9371,5410370.862,Matane,TE,18993.3142,Higher,0.166190476,0.010238095,0.406904762,0.008333333,0.698571429,0.126904762,0.01452381,0.421904762,0.041904762,0,0.09452381,0.537142857,0.065952381,0.088095238,0.016190476,0,0,0,0,0.013809524,0,0,0,0,0.058571429,0.000238095,0.005,0,0.001666667,0,0,0.001428571,0,0,0,0,0,0.000952381,0,0,0,0.003571429,0,0.001190476,0,0,0,0,0.000714286,0,0,0,0,0,0,0,0,0,0,0,0,0
T5,MA1003_TE,MA1003,346629.9371,5410370.862,Matane,TE,18993.3142,Higher,0.191816667,0.006130952,0.326142857,0.006947619,0.640145238,0.110430952,0.002883333,0.199478572,0.007380952,0,0.075964286,0.425180952,0.058419047,0.074171428,0.017961905,0,0,0,0,0.003665476,0,0,0,0,0.064785714,3.21375E-16,0.000580952,0,0.000201786,0,0,0.000150595,0,0,0,0,4.04762E-05,0.000210119,0,0,0,0.006475926,0,0.0002125,0,0,0,0,3.21375E-16,0,0,0,0,0,0,0,0,0,0,0,0,0
T6,MA1003_TE,MA1003,346629.9371,5410370.862,Matane,TE,18993.3142,Higher,0.262619048,0.009285714,0.348095238,0.011190476,0.612619048,0.135714286,0.001190476,0.111190476,0.002619048,0,0.073095238,0.432380952,0.067380952,0.075476191,0.030952381,0,0,0,0,0,0,0,0,0,0.088571429,0,0.000476191,0,0.000952381,0,0,0,0,0,0,0,0.000238095,0,0,0,0,0.013095238,0,0,0,0,0,0,0,0,0,0,0,0,0,0,0,0,0,0,0,0
T2,MA1104_EX,MA1104,328399.4966,5396357.613,Matane,EX,0,Exclosure,0.045238095,0.337142857,0.277619048,0.009761905,0.438809524,0.053571429,0,0.052380952,0.012380952,0,0.216666667,0.032142857,0.033333333,0.119285714,0,0,0.010714286,0,0,0,0,0,0,0.022142857,0,0,0.007857143,0,0,0,0,0,0,0,0.012380952,0,0,0,0,0,0,0.008809524,0,0,0,0.002380952,0,0,0,0,0,0,0,0,0.051904762,0,0.000476191,0,0,0,0,0
T3,MA1104_EX,MA1104,328399.4966,5396357.613,Matane,EX,0,Exclosure,0.122380952,0.47452381,0.371428571,0.081666667,0.559285714,0.062380952,0,0.231904762,0.005714286,0.007619048,0.204761905,0.07952381,0.058571429,0.168095238,0.009047619,0,0.00452381,0,0,0.005,0,0.005238095,0,0.016190476,0,0,0,0,0,0,0,0,0,0.005238095,0.034761905,0,0,0,0,0,0,0.004047619,0,0,0,0,0,0,0,0,0,0,0,0,0.136666667,0,0,0.015714286,0,0,0,0
T4,MA1104_EX,MA1104,328399.4966,5396357.613,Matane,EX,0,Exclosure,0.180883333,0.584778571,0.363802381,0.127207143,0.408021429,0.087071429,0,0.103014286,0.001688889,0.000244312,0.103671429,0.350664286,0.082909524,0.122578571,0.01785,0,0.001818254,0,0,0.01967619,0,0.000814286,0,0.034571428,0,0,0,0,0,0,0,0,0,0.003273413,0.025971429,0,0,0,0,0.005927381,0,0.000371429,0,0,0,0.002140198,0,0,0,0,0,0,0,0,0.08575,0,0.004541071,0.0194,0,0,0,0
T5,MA1104_EX,MA1104,328399.4966,5396357.613,Matane,EX,0,Exclosure,0.150714286,0.473809524,0.26452381,0.112619048,0.312380952,0.076428571,0,0.025238095,0.000238095,0,0.003571429,0.276904762,0.073095238,0.061904762,0.018095238,0,0.000238095,0,0,0.014047619,0,0,0,0.03452381,0,0,0,0,0,0,0,0,0,0.001190476,0.012857143,0,0,0,0,0.01071429,0,0,0,0,0,0.001904762,0,0,0,0,0,0,0,0,0.04952381,0,0.002857143,0.018333333,0,0,0,0
T6,MA1104_EX,MA1104,328399.4966,5396357.613,Matane,EX,0,Exclosure,0.181264286,0.434947619,0.256278571,0.129676191,0.349280952,0.076704762,0,0.035647619,0.000716369,0.000645238,0.023904762,0.285469048,0.082971428,0.064638095,0.030011905,0,0.000832143,0,0,0.022100893,0,0.000254762,0,0.047802381,0,0,1.90476E-05,0,0,0,0,0,0,0.001942857,0.020997619,0,0,0,0,0.02216756,0,0.000185714,0,0,0,0.003081845,0,0,0,0,0,0,0,0,0.053088095,0,0.004364881,0.029357143,0,0,0,0
T2,MA1104_TE,MA1104,328388.0002,5396326.481,Matane,TE,-3472.55457,Lower,0.116428571,0.166904762,0.298571429,0.016904762,0.436904762,0.040714286,0,0.083809524,0.00452381,0,0.15,0.078095238,0.055952381,0.082380952,0,0,0.03,0,0,0.006190476,0,0.007380952,0,0.009285714,0,0,0.017619048,0,0,0.032142857,0,0,0.002619048,0,0.064047619,0,0,0.000952381,0,0,0,0.011904762,0,0,0,0,0,0,0,0.006190476,0,0,0,0,0.002380952,0,0,0,0,0,0,0
T3,MA1104_TE,MA1104,328388.0002,5396326.481,Matane,TE,-3472.55457,Lower,0.148571429,0.178571429,0.366190476,0.077857143,0.504761905,0.092380952,0,0.290476191,0.003571429,0,0.070476191,0.137142857,0.104285714,0.131190476,0,0,0.019761905,0,0,0.026190476,0,0.002619048,0,0,0.000476191,0.00952381,0.019761905,0,0,0,0,0,0.00452381,0.012142857,0.054761905,0,0,0,0,0.00452381,0,0,0,0,0,0,0,0,0,0.008809524,0,0,0,0,0.024761905,0,0,0.006190476,0.03809524,0,0,0
T4,MA1104_TE,MA1104,328388.0002,5396326.481,Matane,TE,-3472.55457,Lower,0.315538096,0.289080952,0.486966667,0.092652381,0.450697619,0.079254762,0,0.123061905,0.000271429,0,0.094492857,0.204521429,0.103104762,0.090640476,0.033422619,0,0.003635714,0,0,0.0359,0,0.020621429,0,0,1.43996E-06,0.000692857,0.033952381,0.001754853,0,0,0,0,0.000397619,0.01997619,0.074864286,0,0,0,0,5.85979E-05,0,0.00405625,0,0,0,0,0,0,0,0.00912381,0,0,0,0,0.030035714,0,0,0.015780952,0.081195238,0,0,0
T5,MA1104_TE,MA1104,328388.0002,5396326.481,Matane,TE,-3472.55457,Lower,0.342380952,0.244285714,0.423571429,0.08952381,0.330952381,0.056190476,0,0.078809524,0,0,0.053571429,0.199285714,0.088571429,0.05952381,0.018809524,0,0,0,0,0.036190476,0,0.015952381,0,0,0,0,0.027857143,0.000476191,0,0,0,0,0,0.014285714,0.033095238,0,0,0,0,0,0,0.000952381,0,0,0,0,0,0,0,0.00952381,0,0,0,0,0.028095238,0,0,0.011428571,0.06428571,0,0,0
T6,MA1104_TE,MA1104,328388.0002,5396326.481,Matane,TE,-3472.55457,Lower,0.381340477,0.249997619,0.368288095,0.117185714,0.345073809,0.05887619,0,0.082069048,0.000245238,0,0.050304762,0.239157143,0.098695238,0.058935714,0.023705952,0,0.000578571,0,0,0.051676191,0,0.026114286,0,2.38095E-05,2.80971E-05,0.000414286,0.03437381,0.000462133,0,-2.11671E-16,0,0,0.000352381,0.022088095,0.03167619,0,0,1.85867E-09,0,6.5873E-05,0,0.000542857,0,0,0,0,0,0,0,0.018061905,0,0,0,0,0.036330952,0,0,0.019271429,0.078178571,0,0,0
T2,MA1105_EX,MA1105,370305.2661,5399658.981,Matane,EX,0,Exclosure,0.05047619,0,0,0,0.062619048,0,0.004285714,0.073809524,0.009761905,0,0,0.200952381,0,0,0.029047619,0,0,0,0,0.018809524,0.059761905,0.018571429,0,0,0.002619048,0,0,0,0,0,0.060952381,0,0,0,0,0,0,0,0,0,0,0,0,0,0,0,0,0,0,0,0,0,0,0,0,0,0,0,0,0,0,0
T3,MA1105_EX,MA1105,370305.2661,5399658.981,Matane,EX,0,Exclosure,0.046190476,0,0,0,0.081428571,0,0.004285714,0.310714286,0.024285714,0,0,0.464761905,0,0,0.045952381,0,0,0,0,0.004285714,0.107380952,0.021190476,0,0,0.012857143,0,0,0,0,0,0.025476191,0,0,0,0,0,0,0,0,0,0,0,0,0,0,0,0,0.003571429,0,0,0,0,0,0,0,0,0,0,0,0,0,0
T4,MA1105_EX,MA1105,370305.2661,5399658.981,Matane,EX,0,Exclosure,0.089978571,0,0,0,0.139714286,0,0.022759524,0.120307143,0.006669048,0,0,0.452611905,0,0.002819722,0.134140476,0,0,0,0,0.013323809,0.229057143,0.033788095,0,0,0.026659524,0,0,0,0,0,0.027883333,0,0,0,0,0,0,0,0,0,0,0,0,0,0,0,0,0.000160979,0,0,0,0,0,0,0,0,0,0,0,0,0,0
T5,MA1105_EX,MA1105,370305.2661,5399658.981,Matane,EX,0,Exclosure,0.098571429,0,0,0,0.126666667,0,0.018333333,0.082380952,0.000952381,0,0,0.397619048,0,0.002619048,0.114285714,0,0,0,0,0.006666667,0.185,0.022857143,0,0,0.026666667,0,0,0,0,0,0.006428571,0,0,0,0,0,0,0,0,0,0,0,0,0,0,0,0,0,0,0,0,0,0,0,0,0,0,0,0,0,0,0
T6,MA1105_EX,MA1105,370305.2661,5399658.981,Matane,EX,0,Exclosure,0.116954762,0,0,0,0.127757143,0,0.026457143,0.088876191,0.001319048,0,0,0.422995238,0,0.005010913,0.144135714,0,0,0,0,0.006388095,0.202833333,0.030145238,0,0,0.038090476,0,0,0,0,0,0.005430953,0,0,0,0,0,0,0,0,0,0,0,0,0,0,0,0,8.25397E-05,0,0,0,0,0,0,0,0,0,0,0,0,0,0
T2,MA1105_TE,MA1105,370299.1797,5399621.365,Matane,TE,-349.9733607,Lower,0.074285714,0,0,0.000714286,0.078333333,0,0.008333333,0.071428571,0.046666667,0,0,0.255,0,0,0.00452381,0,0,0,0,0.042857143,0.013095238,0.004047619,0,0,0,0,0.009047619,0,0,0,0.008571429,0,0,0,0,0,0,0,0,0,0,0,0,0,0,0,0,0.007619048,0,0,0,0,0,0,0,0,0,0,0,0,0,0
T3,MA1105_TE,MA1105,370299.1797,5399621.365,Matane,TE,-349.9733607,Lower,0.071428571,0,0,0,0.109761905,0,0.009285714,0.17,0.031428571,0,0,0.461666667,0,0.006190476,0.009047619,0,0,0,0,0.040952381,0.088333333,0,0,0,0.002857143,0,0.004047619,0,0,0,0.007380952,0,0,0,0,0,0,0,0,0,0.000714286,0,0,0,0,0,0,0,0,0,0,0,0,0,0,0,0,0,0,0,0,0
T4,MA1105_TE,MA1105,370299.1797,5399621.365,Matane,TE,-349.9733607,Lower,0.13642619,0,0,0.004500476,0.215888095,0,0.006633333,0.102845238,0.017023809,0,0,0.548680953,0,0.008166667,0.030916667,0,0,0,0,0.048526191,0.063619047,0.013475085,0,0,0.003668254,0,0.000364286,0,0,0,0.000885238,0.003207222,0,0,0,0,0,0,0,0,0.000190947,0,0,0,0,0,0,0,0,0,0,0,0,0,0,0,0,0,0,0,0,0
T5,MA1105_TE,MA1105,370299.1797,5399621.365,Matane,TE,-349.9733607,Lower,0.118095238,0,0,0.003809524,0.17,0,0.001904762,0.040238095,0.002142857,0,0,0.567142857,0,0.006190476,0.037380952,0,0,0,0,0.041904762,0.049285714,0.007619048,0,0,0.002857143,0,0,0,0,0,0,0.001666667,0,0,0,0,0,0,0,0,0,0,0,0,0,0,0,0,0,0,0,0,0,0,0,0,0,0,0,0,0,0
T6,MA1105_TE,MA1105,370299.1797,5399621.365,Matane,TE,-349.9733607,Lower,0.125830952,0,0,0.00545873,0.182919048,0,0.002535714,0.050119048,0.002988095,0,0,0.487559524,0,0.009392857,0.053011905,0,0,0,0,0.058228572,0.056447619,0.006494524,0,0,0.00489127,0,0.000185714,0,0,0,0.000519048,0.002202133,0,0,0,0,0,0,0,0,0.000155714,0,0,0,0,0,0,1.42857E-05,0,0,0,0,0,0,0,0,0,0,0,0,0,0
T2,MA1106_EX,MA1106,358657.1437,5400697.076,Matane,EX,0,Exclosure,0.047142857,0.064761905,0.024047619,0.043333333,0.08452381,0.043095238,0,0,0.011428571,0,0.018095238,0.433809524,0.013333333,0,0.136190476,0,0,0,0,0,0.106666667,0.008095238,0.036666667,0,0.050714286,0.315952381,0.001190476,0,0.086904762,0,0.049761905,0.000238095,0,0,0,0,0.021428571,0,0,0,0.037142857,0,0,0.011666667,0,0,0.001904762,0.056666667,0.018809524,0.040238095,0,0.122380952,0.113095238,0,0,0,0,0,0,0.03285714,0.028571429,0.0147619
T3,MA1106_EX,MA1106,358657.1437,5400697.076,Matane,EX,0,Exclosure,0.036904762,0.063333333,0.027142857,0.052857143,0.108571429,0.021190476,0,0,0.005,0,0.050952381,0.449047619,0.027142857,0,0.209047619,0,0,0,0,0.003571429,0.134761905,0.010714286,0,0,0.002619048,0.259761905,0.004761905,0.056190476,0.128095238,0.023809524,0.045476191,0,0,0.007142857,0,0,0.016190476,0,0,0,0,0,0,0.007142857,0,0.000714286,0,0.046190476,0.022380952,0.046904762,0.001904762,0.184047619,0.040238095,0,0.01547619,0,0,0.023095238,0,0.04142857,0.013571429,0.025
T4,MA1106_EX,MA1106,358657.1437,5400697.076,Matane,EX,0,Exclosure,0.095597619,0.134590476,0.014133333,0.081295238,0.098390476,0.043128571,0,0,0.001794444,0,0.040473809,0.533811905,0.031330952,0,0.223995238,0,0.002307647,0,0,0.000160979,0.191571429,0.007892857,0.031909524,0,0.003883333,0.331642857,0.019785714,0.042483333,0.182166667,0.02445,0.052452381,0.005468135,0,0.009994444,0,0,0.023457143,0,0,0,0.011659751,0,0.001741865,0.005252381,0,0.000190947,0.029271429,0.06502619,0.012609524,0.068876191,0.000869544,0.225635714,0.045028571,0.007714683,0.001116667,0,0,0.022009524,0,0.156442857,0.037152381,0.03852619
T5,MA1106_EX,MA1106,358657.1437,5400697.076,Matane,EX,0,Exclosure,0.098809524,0.123095238,0.004285714,0.082857143,0.056190476,0.033571429,0,0,0.000238095,0,0.032857143,0.415238095,0.016904762,0,0.187380952,0,0.000714286,0,0,0,0.166904762,0.001666667,0.039285714,0,0,0.214047619,0.017619048,0.020476191,0.152380952,0.011904762,0.034761905,0.004047619,0,0.008333333,0,0,0.014047619,0,0,0,0.005714286,0,0.001428571,0.001190476,0,0,0.023809524,0.018333333,0.003095238,0.06047619,0.000238095,0.176666667,0.011904762,0.008333333,0,0,0,0.007619048,0,0.14809524,0.02952381,0.02
T6,MA1106_EX,MA1106,358657.1437,5400697.076,Matane,EX,0,Exclosure,0.119069048,0.135595238,0.004166667,0.089878571,0.060542857,0.040585714,0,0,0.001117857,0,0.041,0.376380952,0.020240476,0,0.19337381,0,4.40972E-05,0,0,8.25397E-05,0.186811905,0.002945238,0.051778572,0,0.000385714,0.209409524,0.027081845,0.027838095,0.188833333,0.016121429,0.048366667,0.006322381,0,0.012666667,0,0,0.020590476,0,0,0,0.007058016,0,0.003268423,0.001514286,0,0.000155714,0.033238095,0.018819048,0.002197619,0.065959523,0.000478571,0.171630952,0.008892857,0.012490873,0.000380952,0,0,0.006661905,0,0.182228571,0.037019048,0.027502381
T2,MA1106_TE,MA1106,358708.9022,5400728.488,Matane,TE,4853.94082,Moderate,0.029047619,0,0.025,0.035238095,0.201666667,0.001190476,0,0.063571429,0.03952381,0,0.044047619,0.359285714,0.027619048,0.006190476,0.023571429,0,0.005,0,0,0.013333333,0.003571429,0.022380952,0,0,0.02,0,0,0,0,0.011904762,0,0,0.001190476,0,0,0,0,0,0,0,0,0.012142857,0,0,0,0,0,0.003095238,0,0,0,0,0,0,0,0,0,0,0,0,0.002619048,0
T3,MA1106_TE,MA1106,358708.9022,5400728.488,Matane,TE,4853.94082,Moderate,0.055238095,0,0.01547619,0.040476191,0.473095238,0.013571429,0,0.213571429,0.052619048,0,0.047619048,0.582857143,0.039047619,0.009285714,0.012619048,0,0.006904762,0,0,0.007142857,0.018333333,0.022142857,0,0,0.055476191,0.006904762,0.004761905,0,0,0,0.001190476,0,0,0,0,0,0,0,0,0,0,0.002619048,0,0,0,0,0.011904762,0.002142857,0,0,0,0.001904762,0,0,0,0,0,0.001190476,0,0,0,0
T4,MA1106_TE,MA1106,358708.9022,5400728.488,Matane,TE,4853.94082,Moderate,0.13292619,0,0.029783333,0.072097619,0.453304762,0.021371429,0,0.120459524,0.019947619,0,0.060659524,0.634914286,0.02537381,0.007388095,0.024840476,0,0.000264286,0,0,0.004807143,0.028195238,0.029557143,0,0,0.103464286,0.00015,0.010040476,0,0.001794325,0.01094881,2.97619E-06,0,0,0,0,0,0,0,0,0,0,0.022164286,0,0,0,0,0.000695238,0.000347619,0,0,0,0.004089688,0,0,0,0,0,2.97619E-06,0,0,0,0
T5,MA1106_TE,MA1106,358708.9022,5400728.488,Matane,TE,4853.94082,Moderate,0.130952381,0,0.013095238,0.065,0.392380952,0.01452381,0,0.077380952,0.001904762,0,0.026428571,0.594761905,0.007142857,0.00452381,0.010238095,0,0,0,0,0.000714286,0.027619048,0.008095238,0,0,0.097380952,0,0.005,0,0.002380952,0.010714286,0,0,0,0,0,0,0,0,0,0,0,0.016428571,0,0,0,0,0,0,0,0,0,0.000714286,0,0,0,0,0,0,0,0,0,0
T6,MA1106_TE,MA1106,358708.9022,5400728.488,Matane,TE,4853.94082,Moderate,0.1559,0,0.017961905,0.076445238,0.42387381,0.022169048,0,0.078502381,0.004969048,0,0.030497619,0.599330952,0.006647619,0.007502381,0.015064286,0,0.000507143,0,0,0.001002381,0.036911905,0.006080952,0,0,0.127247619,0.000645238,0.006497619,0,0.004602738,0.020661111,3.3352E-06,0,4.76376E-06,0,0,0,0,0,0,0,0,0.025640476,0,0,0,0,0.000309524,0.000177381,0,0,0,0.000116667,0,0,0,0,0,3.3352E-06,0,0,9.52381E-06,0
